{"cameraMode":{"drawMode":0,"name":"Shaded","section":"Shading Mode"},"sceneLighting":true,"audioPlay":false,"sceneViewState":{"m_AlwaysRefresh":false,"showFog":true,"showSkybox":true,"showFlares":true,"showImageEffects":true,"showParticleSystems":true,"showVisualEffectGraphs":true,"m_FxEnabled":true},"in2DMode":false,"pivot":{"x":1.1843583583831788,"y":1.4644343852996827,"z":-0.6269674301147461},"rotation":{"x":0.0007269590860232711,"y":-0.9972544312477112,"z":0.07343041151762009,"w":0.00987145584076643},"size":4.807077407836914,"orthographic":false}