{"cameraMode":{"drawMode":0,"name":"Shaded","section":"Shading Mode"},"sceneLighting":true,"audioPlay":false,"sceneViewState":{"m_AlwaysRefresh":false,"showFog":true,"showSkybox":true,"showFlares":true,"showImageEffects":true,"showParticleSystems":true,"showVisualEffectGraphs":true,"m_FxEnabled":true},"in2DMode":false,"pivot":{"x":1.8014521598815919,"y":-0.9190621376037598,"z":2.508659839630127},"rotation":{"x":0.4905235767364502,"y":-0.0699373111128807,"z":0.039518773555755618,"w":0.8677473068237305},"size":5.9067559242248539,"orthographic":false}