{"cameraMode":{"drawMode":0,"name":"Shaded","section":"Shading Mode"},"sceneLighting":true,"audioPlay":false,"sceneViewState":{"m_AlwaysRefresh":false,"showFog":true,"showSkybox":true,"showFlares":true,"showImageEffects":true,"showParticleSystems":true,"showVisualEffectGraphs":true,"m_FxEnabled":true},"in2DMode":false,"pivot":{"x":1.4507904052734376,"y":3.4514551162719728,"z":-3.605011463165283},"rotation":{"x":0.15398013591766358,"y":0.6029432415962219,"z":-0.12004107236862183,"w":0.7735533714294434},"size":5.0214972496032719,"orthographic":false}