{"cameraMode":{"drawMode":0,"name":"Shaded","section":"Shading Mode"},"sceneLighting":true,"audioPlay":false,"sceneViewState":{"m_AlwaysRefresh":false,"showFog":true,"showSkybox":true,"showFlares":true,"showImageEffects":true,"showParticleSystems":true,"showVisualEffectGraphs":true,"m_FxEnabled":true},"in2DMode":false,"pivot":{"x":2.3105506896972658,"y":0.3162345886230469,"z":0.4874258041381836},"rotation":{"x":-0.003871106542646885,"y":-0.9830906987190247,"z":0.18194115161895753,"w":-0.020948316901922227},"size":3.0180246829986574,"orthographic":false}