{"cameraMode":{"drawMode":0,"name":"Shaded","section":"Shading Mode"},"sceneLighting":false,"audioPlay":false,"sceneViewState":{"m_AlwaysRefresh":false,"showFog":true,"showSkybox":false,"showFlares":true,"showImageEffects":true,"showParticleSystems":true,"showVisualEffectGraphs":true,"m_FxEnabled":true},"in2DMode":false,"pivot":{"x":0.013035386800765992,"y":0.012035176157951355,"z":-0.0027286410331726076},"rotation":{"x":-0.16735103726387025,"y":0.4184592068195343,"z":-0.07871554046869278,"w":-0.8892598152160645},"size":0.23743441700935365,"orthographic":false}